{
  "model": "Qwen/Qwen3-8B",
  "dataset_path": "/root/data/hotpotqa_tool_agent/test.parquet",
  "requested_examples": 100,
  "n_records": 100,
  "n_model_ok": 100,
  "n_with_query": 100,
  "n_search_ok": 100,
  "n_search_failed": 0,
  "thinking_enabled": false,
  "serpapi_num": 5,
  "model_latency": {
    "n": 100,
    "mean_s": 0.15945026893401518,
    "stdev_s": 0.08668330966435871,
    "min_s": 0.11346515105105937,
    "p50_s": 0.1467711435398087,
    "p75_s": 0.17114999616751447,
    "p90_s": 0.18301797958556562,
    "p95_s": 0.2000596282421611,
    "p99_s": 0.24534569764044514,
    "max_s": 0.9815160080324858
  },
  "search_latency": {
    "n": 100,
    "mean_s": 2.7204808475682514,
    "stdev_s": 3.086184532217942,
    "min_s": 0.08241171110421419,
    "p50_s": 1.5261080721393228,
    "p75_s": 3.5648084742715582,
    "p90_s": 6.509026050334791,
    "p95_s": 8.689165833382866,
    "p99_s": 13.438221732312842,
    "max_s": 18.700643490999937
  }
}
